{"id": "20251001_204223_131836", "status": "TRANSLATED", "extras": {"start_time": 1759340543.6058996, "total_line": 337, "line": 337, "total_tokens": 46116, "total_output_tokens": 12802, "time": 189.5062119960785}}