{"id": "20251001_201236_123997", "status": "TRANSLATING", "extras": {"start_time": 1759338757.1086528, "total_line": 337, "line": 336, "total_tokens": 32329, "total_output_tokens": 9134, "time": 626.0616371631622}}