{"id": "20251001_190551_126278", "status": "TRANSLATED", "extras": {"start_time": 1759334751.5554543, "total_line": 337, "line": 337, "total_tokens": 25983, "total_output_tokens": 10677, "time": 112.56584405899048}}